Row Labels,Average of VeryActiveMinutes,Cateogry ,,,,,
1503960366,39,Advance User,,Row Labels,Count of Cateogry ,,
1624580081,9,New User,,Advance User,8,,Methods
1644430081,10,Intermediate  User,,Intermediate  User,12,,
2022484408,36,Advance User,,New User,4,,"1. If the number of really active minutes exceeds 30, then the user is advanced."
2347167796,14,Intermediate  User,,Grand Total,24,,
2873212765,14,Intermediate  User,,,,,"2. If the extremely active minutes are less than ten, it is a new user."
3372868164,9,Intermediate  User,,,,,
3977333714,19,Intermediate  User,,,,,"3. If very active minutes are greater than or equal to 10 but less than 30, then the user is intermediate."
4020332650,5,New User,,,,,
4388161847,23,Intermediate  User,,,,,
4445114986,7,New User,,,,,"Analyse:- There are 24 total users with an average active minutes more than 5 minutes, and we represent all of them with different categories as said above in the approach, thus there are 24 total users, with 8 being advanced users, 12 being intermediate users, and 4 being new users. So, as new users, we must prioritise increasing the number of active minutes and expanding our business."
4558609924,10,Intermediate  User,,,,,
4702921684,5,New User,,,,,
5553957443,23,Intermediate  User,,,,,
5577150313,87,Advance User,,,,,
6775888955,11,Intermediate  User,,,,,
6962181067,23,Intermediate  User,,,,,
7007744171,31,Advance User,,,,,
7086361926,43,Advance User,,,,,
8053475328,85,Advance User,,,,,
8253242879,21,Intermediate  User,,,,,
8378563200,59,Advance User,,,,,
8583815059,10,Intermediate  User,,,,,
8877689391,66,Advance User,,,,,
